género,raza/etnia,nivel educativo de los padres,almuerzo,curso de preparación para el examen,puntaje de matemáticas,puntaje de lectura,puntaje de escritura
Femenino,groupo B,licenciatura,estándar,ninguno,72,72,74
Femenino,groupo C,algunos estudios universitarios,estándar,completo,69,90,88
Femenino,groupo B,maestría,estándar,ninguno,90,95,93
Masculino,groupo A,associate's degree,almuerzo gratuito/reducido,ninguno,47,57,44
Masculino,groupo C,algunos estudios universitarios,estándar,ninguno,76,78,75
Femenino,groupo B,associate's degree,estándar,ninguno,71,83,78
Femenino,groupo B,algunos estudios universitarios,estándar,completo,88,95,92
Masculino,groupo B,algunos estudios universitarios,almuerzo gratuito/reducido,ninguno,40,43,39
Masculino,groupo D,escuela secundaria,almuerzo gratuito/reducido,completo,64,64,67
Femenino,groupo B,escuela secundaria,almuerzo gratuito/reducido,ninguno,38,60,50
Masculino,groupo C,associate's degree,estándar,ninguno,58,54,52
Masculino,groupo D,associate's degree,estándar,ninguno,40,52,43
Femenino,groupo B,escuela secundaria,estándar,ninguno,65,81,73
Masculino,groupo A,algunos estudios universitarios,estándar,completo,78,72,70
Femenino,groupo A,maestría,estándar,ninguno,50,53,58
Femenino,groupo C,algún instituto,estándar,ninguno,69,75,78
Masculino,groupo C,escuela secundaria,estándar,ninguno,88,89,86
Femenino,groupo B,algún instituto,almuerzo gratuito/reducido,ninguno,18,32,28
Masculino,groupo C,maestría,almuerzo gratuito/reducido,completo,46,42,46
Femenino,groupo C,associate's degree,almuerzo gratuito/reducido,ninguno,54,58,61
Masculino,groupo D,escuela secundaria,estándar,ninguno,66,69,63
Femenino,groupo B,algunos estudios universitarios,almuerzo gratuito/reducido,completo,65,75,70
Masculino,groupo D,algunos estudios universitarios,estándar,ninguno,44,54,53
Femenino,groupo C,algún instituto,estándar,ninguno,69,73,73
Masculino,groupo D,licenciatura,almuerzo gratuito/reducido,completo,74,71,80
Masculino,groupo A,maestría,almuerzo gratuito/reducido,ninguno,73,74,72
Masculino,groupo B,algunos estudios universitarios,estándar,ninguno,69,54,55
Femenino,groupo C,licenciatura,estándar,ninguno,67,69,75
Masculino,groupo C,escuela secundaria,estándar,ninguno,70,70,65
Femenino,groupo D,maestría,estándar,ninguno,62,70,75
Femenino,groupo D,algunos estudios universitarios,estándar,ninguno,69,74,74
Femenino,groupo B,algunos estudios universitarios,estándar,ninguno,63,65,61
Femenino,groupo E,maestría,almuerzo gratuito/reducido,ninguno,56,72,65
Masculino,groupo D,algunos estudios universitarios,estándar,ninguno,40,42,38
Masculino,groupo E,algunos estudios universitarios,estándar,ninguno,97,87,82
Masculino,groupo E,associate's degree,estándar,completo,81,81,79
Femenino,groupo D,associate's degree,estándar,ninguno,74,81,83
Femenino,groupo D,algún instituto,almuerzo gratuito/reducido,ninguno,50,64,59
Femenino,groupo D,associate's degree,almuerzo gratuito/reducido,completo,75,90,88
Masculino,groupo B,associate's degree,almuerzo gratuito/reducido,ninguno,57,56,57
Masculino,groupo C,associate's degree,almuerzo gratuito/reducido,ninguno,55,61,54
Femenino,groupo C,associate's degree,estándar,ninguno,58,73,68
Femenino,groupo B,associate's degree,estándar,ninguno,53,58,65
Masculino,groupo B,algunos estudios universitarios,almuerzo gratuito/reducido,completo,59,65,66
Femenino,groupo E,associate's degree,almuerzo gratuito/reducido,ninguno,50,56,54
Masculino,groupo B,associate's degree,estándar,ninguno,65,54,57
Femenino,groupo A,associate's degree,estándar,completo,55,65,62
Femenino,groupo C,escuela secundaria,estándar,ninguno,66,71,76
Femenino,groupo D,associate's degree,almuerzo gratuito/reducido,completo,57,74,76
Masculino,groupo C,escuela secundaria,estándar,completo,82,84,82
Masculino,groupo E,algunos estudios universitarios,estándar,ninguno,53,55,48
Masculino,groupo E,associate's degree,almuerzo gratuito/reducido,completo,77,69,68
Masculino,groupo C,algunos estudios universitarios,estándar,ninguno,53,44,42
Masculino,groupo D,escuela secundaria,estándar,ninguno,88,78,75
Femenino,groupo C,algún instituto,almuerzo gratuito/reducido,completo,71,84,87
Femenino,groupo C,escuela secundaria,almuerzo gratuito/reducido,ninguno,33,41,43
Femenino,groupo E,associate's degree,estándar,completo,82,85,86
Masculino,groupo D,associate's degree,estándar,ninguno,52,55,49
Masculino,groupo D,algunos estudios universitarios,estándar,completo,58,59,58
Femenino,groupo C,algún instituto,almuerzo gratuito/reducido,ninguno,0,17,10
Masculino,groupo E,licenciatura,almuerzo gratuito/reducido,completo,79,74,72
Masculino,groupo A,algún instituto,almuerzo gratuito/reducido,ninguno,39,39,34
Masculino,groupo A,associate's degree,almuerzo gratuito/reducido,ninguno,62,61,55
Femenino,groupo C,associate's degree,estándar,ninguno,69,80,71
Femenino,groupo D,algún instituto,estándar,ninguno,59,58,59
Masculino,groupo B,algún instituto,estándar,ninguno,67,64,61
Masculino,groupo D,algún instituto,almuerzo gratuito/reducido,ninguno,45,37,37
Femenino,groupo C,algunos estudios universitarios,estándar,ninguno,60,72,74
Masculino,groupo B,associate's degree,almuerzo gratuito/reducido,ninguno,61,58,56
Femenino,groupo C,associate's degree,estándar,ninguno,39,64,57
Femenino,groupo D,algunos estudios universitarios,almuerzo gratuito/reducido,completo,58,63,73
Masculino,groupo D,algunos estudios universitarios,estándar,completo,63,55,63
Femenino,groupo A,associate's degree,almuerzo gratuito/reducido,ninguno,41,51,48
Masculino,groupo C,algún instituto,almuerzo gratuito/reducido,ninguno,61,57,56
Masculino,groupo C,algún instituto,estándar,ninguno,49,49,41
Masculino,groupo B,associate's degree,almuerzo gratuito/reducido,ninguno,44,41,38
Masculino,groupo E,algún instituto,estándar,ninguno,30,26,22
Masculino,groupo A,licenciatura,estándar,completo,80,78,81
Femenino,groupo D,algún instituto,estándar,completo,61,74,72
Femenino,groupo E,maestría,estándar,ninguno,62,68,68
Femenino,groupo B,associate's degree,estándar,ninguno,47,49,50
Masculino,groupo B,escuela secundaria,almuerzo gratuito/reducido,ninguno,49,45,45
Masculino,groupo A,algunos estudios universitarios,almuerzo gratuito/reducido,completo,50,47,54
Masculino,groupo E,associate's degree,estándar,ninguno,72,64,63
Masculino,groupo D,escuela secundaria,almuerzo gratuito/reducido,ninguno,42,39,34
Femenino,groupo C,algunos estudios universitarios,estándar,ninguno,73,80,82
Femenino,groupo C,algunos estudios universitarios,almuerzo gratuito/reducido,ninguno,76,83,88
Femenino,groupo D,associate's degree,estándar,ninguno,71,71,74
Femenino,groupo A,algunos estudios universitarios,estándar,ninguno,58,70,67
Femenino,groupo D,algún instituto,estándar,ninguno,73,86,82
Femenino,groupo C,licenciatura,estándar,ninguno,65,72,74
Masculino,groupo C,escuela secundaria,almuerzo gratuito/reducido,ninguno,27,34,36
Masculino,groupo C,escuela secundaria,estándar,ninguno,71,79,71
Masculino,groupo C,associate's degree,almuerzo gratuito/reducido,completo,43,45,50
Femenino,groupo B,algunos estudios universitarios,estándar,ninguno,79,86,92
Masculino,groupo C,associate's degree,almuerzo gratuito/reducido,completo,78,81,82
Masculino,groupo B,algún instituto,estándar,completo,65,66,62
Femenino,groupo E,algunos estudios universitarios,estándar,completo,63,72,70
Femenino,groupo D,algunos estudios universitarios,almuerzo gratuito/reducido,ninguno,58,67,62
Femenino,groupo D,licenciatura,estándar,ninguno,65,67,62
Masculino,groupo B,algunos estudios universitarios,estándar,ninguno,79,67,67
Masculino,groupo D,licenciatura,estándar,completo,68,74,74
Femenino,groupo D,associate's degree,estándar,ninguno,85,91,89
Masculino,groupo B,escuela secundaria,estándar,completo,60,44,47
Masculino,groupo C,algunos estudios universitarios,estándar,completo,98,86,90
Femenino,groupo C,algunos estudios universitarios,estándar,ninguno,58,67,72
Femenino,groupo D,maestría,estándar,ninguno,87,100,100
Masculino,groupo E,associate's degree,estándar,completo,66,63,64
Femenino,groupo B,associate's degree,almuerzo gratuito/reducido,ninguno,52,76,70
Femenino,groupo B,algún instituto,estándar,ninguno,70,64,72
Femenino,groupo D,associate's degree,almuerzo gratuito/reducido,completo,77,89,98
Masculino,groupo C,escuela secundaria,estándar,ninguno,62,55,49
Masculino,groupo A,associate's degree,estándar,ninguno,54,53,47
Femenino,groupo D,algunos estudios universitarios,estándar,ninguno,51,58,54
Femenino,groupo E,licenciatura,estándar,completo,99,100,100
Masculino,groupo C,escuela secundaria,estándar,ninguno,84,77,74
Femenino,groupo B,licenciatura,almuerzo gratuito/reducido,ninguno,75,85,82
Femenino,groupo D,licenciatura,estándar,ninguno,78,82,79
Femenino,groupo D,algún instituto,estándar,ninguno,51,63,61
Femenino,groupo C,algunos estudios universitarios,estándar,ninguno,55,69,65
Femenino,groupo C,licenciatura,estándar,completo,79,92,89
Masculino,groupo B,associate's degree,estándar,completo,91,89,92
Femenino,groupo C,algunos estudios universitarios,estándar,completo,88,93,93
Masculino,groupo D,escuela secundaria,almuerzo gratuito/reducido,ninguno,63,57,56
Masculino,groupo E,algunos estudios universitarios,estándar,ninguno,83,80,73
Femenino,groupo B,escuela secundaria,estándar,ninguno,87,95,86
Masculino,groupo B,algún instituto,estándar,ninguno,72,68,67
Masculino,groupo D,algunos estudios universitarios,estándar,completo,65,77,74
Masculino,groupo D,maestría,estándar,ninguno,82,82,74
Femenino,groupo A,licenciatura,estándar,ninguno,51,49,51
Masculino,groupo D,maestría,estándar,ninguno,89,84,82
Masculino,groupo C,algún instituto,almuerzo gratuito/reducido,completo,53,37,40
Masculino,groupo E,algunos estudios universitarios,almuerzo gratuito/reducido,completo,87,74,70
Femenino,groupo C,algunos estudios universitarios,estándar,completo,75,81,84
Masculino,groupo D,licenciatura,almuerzo gratuito/reducido,completo,74,79,75
Masculino,groupo C,licenciatura,estándar,ninguno,58,55,48
Masculino,groupo B,algún instituto,estándar,completo,51,54,41
Masculino,groupo E,escuela secundaria,estándar,ninguno,70,55,56
Femenino,groupo C,associate's degree,estándar,ninguno,59,66,67
Masculino,groupo D,algunos estudios universitarios,estándar,completo,71,61,69
Femenino,groupo D,algún instituto,estándar,ninguno,76,72,71
Femenino,groupo C,algunos estudios universitarios,almuerzo gratuito/reducido,ninguno,59,62,64
Femenino,groupo E,algunos estudios universitarios,almuerzo gratuito/reducido,completo,42,55,54
Masculino,groupo A,escuela secundaria,estándar,ninguno,57,43,47
Masculino,groupo D,algunos estudios universitarios,estándar,ninguno,88,73,78
Femenino,groupo C,algunos estudios universitarios,almuerzo gratuito/reducido,ninguno,22,39,33
Masculino,groupo B,algún instituto,estándar,ninguno,88,84,75
Masculino,groupo C,associate's degree,almuerzo gratuito/reducido,ninguno,73,68,66
Femenino,groupo D,licenciatura,estándar,completo,68,75,81
Masculino,groupo E,associate's degree,almuerzo gratuito/reducido,completo,100,100,93
Masculino,groupo A,algún instituto,estándar,completo,62,67,69
Masculino,groupo A,licenciatura,estándar,ninguno,77,67,68
Femenino,groupo B,associate's degree,estándar,completo,59,70,66
Masculino,groupo D,licenciatura,estándar,ninguno,54,49,47
Masculino,groupo D,algún instituto,estándar,ninguno,62,67,61
Femenino,groupo C,algunos estudios universitarios,estándar,completo,70,89,88
Femenino,groupo E,escuela secundaria,almuerzo gratuito/reducido,completo,66,74,78
Masculino,groupo B,algunos estudios universitarios,almuerzo gratuito/reducido,ninguno,60,60,60
Femenino,groupo B,associate's degree,estándar,completo,61,86,87
Masculino,groupo D,associate's degree,almuerzo gratuito/reducido,ninguno,66,62,64
Masculino,groupo B,associate's degree,almuerzo gratuito/reducido,completo,82,78,74
Femenino,groupo E,algunos estudios universitarios,almuerzo gratuito/reducido,completo,75,88,85
Masculino,groupo B,maestría,almuerzo gratuito/reducido,ninguno,49,53,52
Masculino,groupo C,escuela secundaria,estándar,ninguno,52,53,49
Femenino,groupo E,maestría,estándar,ninguno,81,92,91
Femenino,groupo C,licenciatura,estándar,completo,96,100,100
Masculino,groupo C,escuela secundaria,almuerzo gratuito/reducido,completo,53,51,51
Femenino,groupo B,maestría,almuerzo gratuito/reducido,completo,58,76,78
Femenino,groupo B,escuela secundaria,estándar,completo,68,83,78
Femenino,groupo C,algunos estudios universitarios,almuerzo gratuito/reducido,completo,67,75,70
Masculino,groupo A,escuela secundaria,estándar,completo,72,73,74
Masculino,groupo E,algún instituto,estándar,ninguno,94,88,78
Femenino,groupo D,algunos estudios universitarios,estándar,ninguno,79,86,81
Femenino,groupo C,associate's degree,estándar,ninguno,63,67,70
Femenino,groupo C,licenciatura,almuerzo gratuito/reducido,completo,43,51,54
Femenino,groupo C,maestría,estándar,completo,81,91,87
Femenino,groupo B,escuela secundaria,almuerzo gratuito/reducido,completo,46,54,58
Femenino,groupo C,associate's degree,estándar,completo,71,77,77
Femenino,groupo B,maestría,almuerzo gratuito/reducido,completo,52,70,62
Femenino,groupo D,algún instituto,estándar,completo,97,100,100
Masculino,groupo C,maestría,almuerzo gratuito/reducido,completo,62,68,75
Femenino,groupo C,algunos estudios universitarios,almuerzo gratuito/reducido,ninguno,46,64,66
Femenino,groupo E,escuela secundaria,estándar,ninguno,50,50,47
Femenino,groupo D,associate's degree,estándar,ninguno,65,69,70
Masculino,groupo C,algún instituto,almuerzo gratuito/reducido,completo,45,52,49
Masculino,groupo C,associate's degree,almuerzo gratuito/reducido,completo,65,67,65
Masculino,groupo E,escuela secundaria,estándar,ninguno,80,76,65
Masculino,groupo D,algún instituto,estándar,completo,62,66,68
Masculino,groupo B,algún instituto,almuerzo gratuito/reducido,ninguno,48,52,45
Femenino,groupo C,licenciatura,estándar,ninguno,77,88,87
Femenino,groupo E,associate's degree,estándar,ninguno,66,65,69
Masculino,groupo D,algunos estudios universitarios,estándar,completo,76,83,79
Femenino,groupo B,algún instituto,estándar,ninguno,62,64,66
Masculino,groupo D,algunos estudios universitarios,estándar,completo,77,62,62
Femenino,groupo C,maestría,estándar,completo,69,84,85
Masculino,groupo D,associate's degree,estándar,ninguno,61,55,52
Masculino,groupo C,algún instituto,almuerzo gratuito/reducido,completo,59,69,65
Masculino,groupo E,escuela secundaria,almuerzo gratuito/reducido,ninguno,55,56,51
Femenino,groupo B,algunos estudios universitarios,almuerzo gratuito/reducido,ninguno,45,53,55
Femenino,groupo B,licenciatura,almuerzo gratuito/reducido,ninguno,78,79,76
Femenino,groupo C,associate's degree,estándar,completo,67,84,86
Femenino,groupo D,algunos estudios universitarios,almuerzo gratuito/reducido,ninguno,65,81,77
Masculino,groupo C,associate's degree,estándar,ninguno,69,77,69
Femenino,groupo B,associate's degree,estándar,ninguno,57,69,68
Masculino,groupo C,algunos estudios universitarios,estándar,ninguno,59,41,42
Masculino,groupo D,algún instituto,estándar,completo,74,71,78
Masculino,groupo E,licenciatura,estándar,ninguno,82,62,62
Masculino,groupo E,escuela secundaria,estándar,completo,81,80,76
Femenino,groupo B,algunos estudios universitarios,almuerzo gratuito/reducido,ninguno,74,81,76
Femenino,groupo B,algunos estudios universitarios,almuerzo gratuito/reducido,ninguno,58,61,66
Masculino,groupo D,algún instituto,almuerzo gratuito/reducido,completo,80,79,79
Masculino,groupo C,algunos estudios universitarios,almuerzo gratuito/reducido,ninguno,35,28,27
Femenino,groupo C,escuela secundaria,almuerzo gratuito/reducido,ninguno,42,62,60
Masculino,groupo C,associate's degree,almuerzo gratuito/reducido,completo,60,51,56
Masculino,groupo E,escuela secundaria,estándar,completo,87,91,81
Masculino,groupo B,algún instituto,estándar,completo,84,83,75
Femenino,groupo E,associate's degree,almuerzo gratuito/reducido,completo,83,86,88
Femenino,groupo C,escuela secundaria,almuerzo gratuito/reducido,ninguno,34,42,39
Masculino,groupo B,escuela secundaria,almuerzo gratuito/reducido,ninguno,66,77,70
Masculino,groupo B,algún instituto,estándar,completo,61,56,56
Femenino,groupo D,escuela secundaria,estándar,completo,56,68,74
Masculino,groupo B,associate's degree,estándar,ninguno,87,85,73
Femenino,groupo C,algún instituto,almuerzo gratuito/reducido,ninguno,55,65,62
Masculino,groupo D,algún instituto,estándar,ninguno,86,80,75
Femenino,groupo B,associate's degree,estándar,completo,52,66,73
Femenino,groupo E,maestría,almuerzo gratuito/reducido,ninguno,45,56,54
Femenino,groupo C,algunos estudios universitarios,estándar,ninguno,72,72,71
Masculino,groupo D,escuela secundaria,estándar,ninguno,57,50,54
Masculino,groupo A,algún instituto,almuerzo gratuito/reducido,ninguno,68,72,64
Femenino,groupo C,algunos estudios universitarios,estándar,completo,88,95,94
Masculino,groupo D,algunos estudios universitarios,estándar,ninguno,76,64,66
Masculino,groupo C,associate's degree,estándar,ninguno,46,43,42
Femenino,groupo B,licenciatura,estándar,ninguno,67,86,83
Masculino,groupo E,algún instituto,estándar,ninguno,92,87,78
Masculino,groupo C,licenciatura,estándar,completo,83,82,84
Masculino,groupo D,associate's degree,estándar,ninguno,80,75,77
Masculino,groupo D,licenciatura,almuerzo gratuito/reducido,ninguno,63,66,67
Femenino,groupo D,algún instituto,estándar,completo,64,60,74
Masculino,groupo B,algunos estudios universitarios,estándar,ninguno,54,52,51
Masculino,groupo C,associate's degree,estándar,ninguno,84,80,80
Masculino,groupo D,escuela secundaria,almuerzo gratuito/reducido,completo,73,68,66
Femenino,groupo E,licenciatura,estándar,ninguno,80,83,83
Femenino,groupo D,escuela secundaria,estándar,ninguno,56,52,55
Masculino,groupo E,algunos estudios universitarios,estándar,ninguno,59,51,43
Masculino,groupo D,algún instituto,estándar,ninguno,75,74,69
Masculino,groupo C,associate's degree,estándar,ninguno,85,76,71
Masculino,groupo E,associate's degree,estándar,ninguno,89,76,74
Femenino,groupo B,escuela secundaria,estándar,completo,58,70,68
Femenino,groupo B,escuela secundaria,estándar,ninguno,65,64,62
Masculino,groupo C,escuela secundaria,estándar,ninguno,68,60,53
Masculino,groupo A,algún instituto,estándar,completo,47,49,49
Femenino,groupo D,algunos estudios universitarios,almuerzo gratuito/reducido,ninguno,71,83,83
Femenino,groupo B,algún instituto,estándar,completo,60,70,70
Masculino,groupo D,maestría,estándar,ninguno,80,80,72
Masculino,groupo D,escuela secundaria,estándar,ninguno,54,52,52
Femenino,groupo E,algunos estudios universitarios,estándar,ninguno,62,73,70
Femenino,groupo C,associate's degree,almuerzo gratuito/reducido,ninguno,64,73,68
Masculino,groupo C,associate's degree,estándar,completo,78,77,77
Femenino,groupo B,algunos estudios universitarios,estándar,ninguno,70,75,78
Femenino,groupo C,maestría,almuerzo gratuito/reducido,completo,65,81,81
Femenino,groupo C,algún instituto,almuerzo gratuito/reducido,completo,64,79,77
Masculino,groupo C,algunos estudios universitarios,estándar,completo,79,79,78
Femenino,groupo C,algún instituto,almuerzo gratuito/reducido,ninguno,44,50,51
Femenino,groupo E,escuela secundaria,estándar,ninguno,99,93,90
Masculino,groupo D,escuela secundaria,estándar,ninguno,76,73,68
Masculino,groupo D,algún instituto,almuerzo gratuito/reducido,ninguno,59,42,41
Femenino,groupo C,licenciatura,estándar,ninguno,63,75,81
Femenino,groupo D,escuela secundaria,estándar,ninguno,69,72,77
Femenino,groupo D,associate's degree,estándar,completo,88,92,95
Femenino,groupo E,algunos estudios universitarios,almuerzo gratuito/reducido,ninguno,71,76,70
Masculino,groupo C,licenciatura,estándar,ninguno,69,63,61
Masculino,groupo C,algunos estudios universitarios,estándar,ninguno,58,49,42
Femenino,groupo D,associate's degree,almuerzo gratuito/reducido,ninguno,47,53,58
Femenino,groupo D,algunos estudios universitarios,estándar,ninguno,65,70,71
Masculino,groupo B,algunos estudios universitarios,estándar,completo,88,85,76
Masculino,groupo C,licenciatura,estándar,ninguno,83,78,73
Femenino,groupo C,algún instituto,estándar,completo,85,92,93
Femenino,groupo E,escuela secundaria,estándar,completo,59,63,75
Femenino,groupo C,algún instituto,almuerzo gratuito/reducido,ninguno,65,86,80
Masculino,groupo B,licenciatura,almuerzo gratuito/reducido,ninguno,73,56,57
Masculino,groupo D,escuela secundaria,estándar,ninguno,53,52,42
Masculino,groupo D,escuela secundaria,estándar,ninguno,45,48,46
Femenino,groupo D,licenciatura,almuerzo gratuito/reducido,ninguno,73,79,84
Femenino,groupo D,algunos estudios universitarios,almuerzo gratuito/reducido,completo,70,78,78
Femenino,groupo B,algún instituto,estándar,ninguno,37,46,46
Masculino,groupo B,associate's degree,estándar,completo,81,82,82
Masculino,groupo E,associate's degree,estándar,completo,97,82,88
Femenino,groupo B,algún instituto,estándar,ninguno,67,89,82
Masculino,groupo B,licenciatura,almuerzo gratuito/reducido,ninguno,88,75,76
Masculino,groupo E,algún instituto,estándar,completo,77,76,77
Masculino,groupo C,associate's degree,estándar,ninguno,76,70,68
Masculino,groupo D,algún instituto,estándar,ninguno,86,73,70
Masculino,groupo C,algún instituto,estándar,completo,63,60,57
Femenino,groupo E,licenciatura,estándar,ninguno,65,73,75
Masculino,groupo D,escuela secundaria,almuerzo gratuito/reducido,completo,78,77,80
Masculino,groupo B,associate's degree,almuerzo gratuito/reducido,ninguno,67,62,60
Masculino,groupo A,algún instituto,estándar,completo,46,41,43
Masculino,groupo E,associate's degree,estándar,completo,71,74,68
Masculino,groupo C,escuela secundaria,almuerzo gratuito/reducido,completo,40,46,50
Masculino,groupo D,associate's degree,almuerzo gratuito/reducido,ninguno,90,87,75
Masculino,groupo A,algunos estudios universitarios,almuerzo gratuito/reducido,completo,81,78,81
Masculino,groupo D,algún instituto,almuerzo gratuito/reducido,ninguno,56,54,52
Femenino,groupo C,associate's degree,estándar,completo,67,84,81
Masculino,groupo B,associate's degree,estándar,ninguno,80,76,64
Femenino,groupo C,associate's degree,estándar,completo,74,75,83
Masculino,groupo A,algunos estudios universitarios,estándar,ninguno,69,67,69
Masculino,groupo E,algunos estudios universitarios,estándar,completo,99,87,81
Masculino,groupo C,algún instituto,estándar,ninguno,51,52,44
Femenino,groupo B,associate's degree,almuerzo gratuito/reducido,ninguno,53,71,67
Femenino,groupo D,escuela secundaria,almuerzo gratuito/reducido,ninguno,49,57,52
Femenino,groupo B,associate's degree,estándar,ninguno,73,76,80
Masculino,groupo B,licenciatura,estándar,ninguno,66,60,57
Masculino,groupo D,licenciatura,estándar,completo,67,61,68
Femenino,groupo C,associate's degree,almuerzo gratuito/reducido,completo,68,67,69
Femenino,groupo C,licenciatura,estándar,completo,59,64,75
Masculino,groupo C,escuela secundaria,estándar,ninguno,71,66,65
Femenino,groupo D,maestría,estándar,completo,77,82,91
Masculino,groupo C,associate's degree,estándar,ninguno,83,72,78
Masculino,groupo B,licenciatura,estándar,ninguno,63,71,69
Femenino,groupo D,associate's degree,almuerzo gratuito/reducido,ninguno,56,65,63
Femenino,groupo C,escuela secundaria,almuerzo gratuito/reducido,completo,67,79,84
Femenino,groupo E,escuela secundaria,estándar,ninguno,75,86,79
Femenino,groupo C,algunos estudios universitarios,estándar,ninguno,71,81,80
Femenino,groupo C,algún instituto,almuerzo gratuito/reducido,ninguno,43,53,53
Femenino,groupo C,escuela secundaria,almuerzo gratuito/reducido,ninguno,41,46,43
Femenino,groupo C,algunos estudios universitarios,estándar,ninguno,82,90,94
Masculino,groupo C,algunos estudios universitarios,estándar,ninguno,61,61,62
Masculino,groupo A,algunos estudios universitarios,almuerzo gratuito/reducido,ninguno,28,23,19
Masculino,groupo C,associate's degree,estándar,completo,82,75,77
Femenino,groupo B,algún instituto,estándar,ninguno,41,55,51
Masculino,groupo C,escuela secundaria,estándar,ninguno,71,60,61
Masculino,groupo C,associate's degree,estándar,ninguno,47,37,35
Masculino,groupo E,associate's degree,estándar,completo,62,56,53
Masculino,groupo B,associate's degree,estándar,ninguno,90,78,81
Femenino,groupo C,licenciatura,estándar,ninguno,83,93,95
Femenino,groupo B,algunos estudios universitarios,almuerzo gratuito/reducido,ninguno,61,68,66
Masculino,groupo D,algún instituto,estándar,completo,76,70,69
Masculino,groupo C,associate's degree,estándar,ninguno,49,51,43
Femenino,groupo B,algún instituto,almuerzo gratuito/reducido,ninguno,24,38,27
Femenino,groupo D,algún instituto,almuerzo gratuito/reducido,completo,35,55,60
Masculino,groupo C,escuela secundaria,almuerzo gratuito/reducido,ninguno,58,61,52
Femenino,groupo C,escuela secundaria,estándar,ninguno,61,73,63
Femenino,groupo B,escuela secundaria,estándar,completo,69,76,74
Masculino,groupo D,associate's degree,estándar,completo,67,72,67
Masculino,groupo D,algunos estudios universitarios,estándar,ninguno,79,73,67
Femenino,groupo C,escuela secundaria,estándar,ninguno,72,80,75
Masculino,groupo B,algunos estudios universitarios,estándar,ninguno,62,61,57
Femenino,groupo C,licenciatura,estándar,completo,77,94,95
Masculino,groupo D,escuela secundaria,almuerzo gratuito/reducido,ninguno,75,74,66
Masculino,groupo E,associate's degree,estándar,ninguno,87,74,76
Femenino,groupo B,licenciatura,estándar,ninguno,52,65,69
Masculino,groupo E,algunos estudios universitarios,estándar,ninguno,66,57,52
Femenino,groupo C,algunos estudios universitarios,estándar,completo,63,78,80
Femenino,groupo C,associate's degree,estándar,ninguno,46,58,57
Femenino,groupo C,algunos estudios universitarios,estándar,ninguno,59,71,70
Femenino,groupo B,licenciatura,estándar,ninguno,61,72,70
Masculino,groupo A,associate's degree,estándar,ninguno,63,61,61
Femenino,groupo C,algunos estudios universitarios,almuerzo gratuito/reducido,completo,42,66,69
Masculino,groupo D,algunos estudios universitarios,almuerzo gratuito/reducido,ninguno,59,62,61
Femenino,groupo D,algunos estudios universitarios,estándar,ninguno,80,90,89
Femenino,groupo B,escuela secundaria,estándar,ninguno,58,62,59
Masculino,groupo B,algún instituto,estándar,completo,85,84,78
Femenino,groupo C,algunos estudios universitarios,estándar,ninguno,52,58,58
Femenino,groupo D,algún instituto,almuerzo gratuito/reducido,ninguno,27,34,32
Masculino,groupo C,algunos estudios universitarios,estándar,ninguno,59,60,58
Masculino,groupo A,licenciatura,almuerzo gratuito/reducido,completo,49,58,60
Masculino,groupo C,escuela secundaria,estándar,completo,69,58,53
Masculino,groupo C,licenciatura,almuerzo gratuito/reducido,ninguno,61,66,61
Femenino,groupo A,algún instituto,almuerzo gratuito/reducido,ninguno,44,64,58
Femenino,groupo D,algún instituto,estándar,ninguno,73,84,85
Masculino,groupo E,algunos estudios universitarios,estándar,ninguno,84,77,71
Femenino,groupo C,algunos estudios universitarios,almuerzo gratuito/reducido,completo,45,73,70
Masculino,groupo D,algún instituto,estándar,ninguno,74,74,72
Femenino,groupo D,algunos estudios universitarios,estándar,completo,82,97,96
Femenino,groupo D,licenciatura,estándar,ninguno,59,70,73
Masculino,groupo E,associate's degree,almuerzo gratuito/reducido,ninguno,46,43,41
Femenino,groupo D,algún instituto,estándar,ninguno,80,90,82
Femenino,groupo D,maestría,almuerzo gratuito/reducido,completo,85,95,100
Femenino,groupo A,algún instituto,estándar,ninguno,71,83,77
Masculino,groupo A,licenciatura,estándar,ninguno,66,64,62
Femenino,groupo B,associate's degree,estándar,ninguno,80,86,83
Masculino,groupo C,associate's degree,estándar,completo,87,100,95
Masculino,groupo C,maestría,almuerzo gratuito/reducido,ninguno,79,81,71
Femenino,groupo E,algún instituto,almuerzo gratuito/reducido,ninguno,38,49,45
Femenino,groupo A,algún instituto,almuerzo gratuito/reducido,ninguno,38,43,43
Femenino,groupo E,algunos estudios universitarios,estándar,ninguno,67,76,75
Femenino,groupo E,licenciatura,estándar,ninguno,64,73,70
Femenino,groupo C,associate's degree,almuerzo gratuito/reducido,ninguno,57,78,67
Femenino,groupo D,escuela secundaria,estándar,ninguno,62,64,64
Masculino,groupo D,maestría,estándar,ninguno,73,70,75
Masculino,groupo E,algún instituto,almuerzo gratuito/reducido,completo,73,67,59
Femenino,groupo D,algunos estudios universitarios,estándar,ninguno,77,68,77
Masculino,groupo E,algunos estudios universitarios,estándar,ninguno,76,67,67
Masculino,groupo C,associate's degree,estándar,completo,57,54,56
Femenino,groupo C,algún instituto,estándar,completo,65,74,77
Masculino,groupo A,escuela secundaria,almuerzo gratuito/reducido,ninguno,48,45,41
Femenino,groupo B,escuela secundaria,almuerzo gratuito/reducido,ninguno,50,67,63
Femenino,groupo C,associate's degree,estándar,ninguno,85,89,95
Masculino,groupo B,algún instituto,estándar,ninguno,74,63,57
Masculino,groupo D,algún instituto,estándar,ninguno,60,59,54
Femenino,groupo C,algún instituto,estándar,completo,59,54,67
Masculino,groupo A,algunos estudios universitarios,estándar,ninguno,53,43,43
Femenino,groupo A,algunos estudios universitarios,almuerzo gratuito/reducido,ninguno,49,65,55
Femenino,groupo D,escuela secundaria,estándar,completo,88,99,100
Femenino,groupo C,escuela secundaria,estándar,ninguno,54,59,62
Femenino,groupo C,algún instituto,estándar,ninguno,63,73,68
Masculino,groupo B,associate's degree,estándar,completo,65,65,63
Femenino,groupo B,associate's degree,estándar,ninguno,82,80,77
Femenino,groupo D,escuela secundaria,almuerzo gratuito/reducido,completo,52,57,56
Masculino,groupo D,associate's degree,estándar,completo,87,84,85
Femenino,groupo D,maestría,estándar,completo,70,71,74
Masculino,groupo E,algunos estudios universitarios,estándar,completo,84,83,78
Masculino,groupo D,associate's degree,estándar,ninguno,71,66,60
Masculino,groupo B,algún instituto,estándar,completo,63,67,67
Femenino,groupo C,licenciatura,almuerzo gratuito/reducido,completo,51,72,79
Masculino,groupo E,escuela secundaria,estándar,ninguno,84,73,69
Masculino,groupo C,licenciatura,estándar,completo,71,74,68
Masculino,groupo C,associate's degree,estándar,ninguno,74,73,67
Masculino,groupo D,algunos estudios universitarios,estándar,ninguno,68,59,62
Masculino,groupo E,escuela secundaria,almuerzo gratuito/reducido,completo,57,56,54
Femenino,groupo C,associate's degree,almuerzo gratuito/reducido,completo,82,93,93
Femenino,groupo D,escuela secundaria,estándar,completo,57,58,64
Femenino,groupo D,maestría,almuerzo gratuito/reducido,completo,47,58,67
Femenino,groupo A,algún instituto,estándar,completo,59,85,80
Masculino,groupo B,algunos estudios universitarios,almuerzo gratuito/reducido,ninguno,41,39,34
Femenino,groupo C,algunos estudios universitarios,almuerzo gratuito/reducido,ninguno,62,67,62
Masculino,groupo C,licenciatura,estándar,ninguno,86,83,86
Masculino,groupo C,algún instituto,almuerzo gratuito/reducido,ninguno,69,71,65
Masculino,groupo A,algún instituto,almuerzo gratuito/reducido,ninguno,65,59,53
Masculino,groupo C,algún instituto,almuerzo gratuito/reducido,ninguno,68,63,54
Masculino,groupo C,associate's degree,almuerzo gratuito/reducido,ninguno,64,66,59
Femenino,groupo C,escuela secundaria,estándar,ninguno,61,72,70
Masculino,groupo C,escuela secundaria,estándar,ninguno,61,56,55
Femenino,groupo A,algún instituto,almuerzo gratuito/reducido,ninguno,47,59,50
Masculino,groupo C,algún instituto,estándar,ninguno,73,66,66
Masculino,groupo C,algunos estudios universitarios,almuerzo gratuito/reducido,completo,50,48,53
Masculino,groupo D,associate's degree,estándar,ninguno,75,68,64
Masculino,groupo D,associate's degree,almuerzo gratuito/reducido,ninguno,75,66,73
Masculino,groupo C,escuela secundaria,estándar,ninguno,70,56,51
Masculino,groupo D,algún instituto,estándar,completo,89,88,82
Femenino,groupo C,algunos estudios universitarios,estándar,completo,67,81,79
Femenino,groupo D,escuela secundaria,estándar,ninguno,78,81,80
Femenino,groupo A,algún instituto,almuerzo gratuito/reducido,ninguno,59,73,69
Femenino,groupo B,associate's degree,estándar,ninguno,73,83,76
Masculino,groupo A,algún instituto,almuerzo gratuito/reducido,ninguno,79,82,73
Femenino,groupo C,algún instituto,estándar,completo,67,74,77
Masculino,groupo D,algunos estudios universitarios,almuerzo gratuito/reducido,ninguno,69,66,60
Masculino,groupo C,escuela secundaria,estándar,completo,86,81,80
Masculino,groupo B,escuela secundaria,estándar,ninguno,47,46,42
Masculino,groupo B,associate's degree,estándar,ninguno,81,73,72
Femenino,groupo C,algunos estudios universitarios,almuerzo gratuito/reducido,completo,64,85,85
Femenino,groupo E,algunos estudios universitarios,estándar,ninguno,100,92,97
Femenino,groupo C,associate's degree,almuerzo gratuito/reducido,ninguno,65,77,74
Masculino,groupo C,algunos estudios universitarios,almuerzo gratuito/reducido,ninguno,65,58,49
Femenino,groupo C,associate's degree,almuerzo gratuito/reducido,ninguno,53,61,62
Masculino,groupo C,licenciatura,almuerzo gratuito/reducido,ninguno,37,56,47
Femenino,groupo D,licenciatura,estándar,ninguno,79,89,89
Masculino,groupo D,associate's degree,almuerzo gratuito/reducido,ninguno,53,54,48
Femenino,groupo E,licenciatura,estándar,ninguno,100,100,100
Masculino,groupo B,escuela secundaria,estándar,completo,72,65,68
Masculino,groupo C,licenciatura,almuerzo gratuito/reducido,ninguno,53,58,55
Masculino,groupo B,algunos estudios universitarios,almuerzo gratuito/reducido,ninguno,54,54,45
Femenino,groupo E,algunos estudios universitarios,estándar,ninguno,71,70,76
Femenino,groupo C,algunos estudios universitarios,almuerzo gratuito/reducido,ninguno,77,90,91
Masculino,groupo A,licenciatura,estándar,completo,75,58,62
Femenino,groupo C,algunos estudios universitarios,estándar,ninguno,84,87,91
Femenino,groupo D,associate's degree,almuerzo gratuito/reducido,ninguno,26,31,38
Masculino,groupo A,escuela secundaria,almuerzo gratuito/reducido,completo,72,67,65
Femenino,groupo A,escuela secundaria,almuerzo gratuito/reducido,completo,77,88,85
Masculino,groupo C,algunos estudios universitarios,estándar,ninguno,91,74,76
Femenino,groupo C,associate's degree,estándar,completo,83,85,90
Femenino,groupo C,escuela secundaria,estándar,ninguno,63,69,74
Femenino,groupo C,associate's degree,estándar,completo,68,86,84
Femenino,groupo D,algún instituto,estándar,ninguno,59,67,61
Femenino,groupo B,associate's degree,estándar,completo,90,90,91
Femenino,groupo D,licenciatura,estándar,completo,71,76,83
Masculino,groupo E,licenciatura,estándar,completo,76,62,66
Masculino,groupo D,associate's degree,estándar,ninguno,80,68,72
Femenino,groupo D,maestría,estándar,ninguno,55,64,70
Masculino,groupo E,associate's degree,estándar,ninguno,76,71,67
Masculino,groupo B,escuela secundaria,estándar,completo,73,71,68
Femenino,groupo D,associate's degree,almuerzo gratuito/reducido,ninguno,52,59,56
Masculino,groupo C,algunos estudios universitarios,almuerzo gratuito/reducido,ninguno,68,68,61
Masculino,groupo A,escuela secundaria,estándar,ninguno,59,52,46
Femenino,groupo B,associate's degree,estándar,ninguno,49,52,54
Masculino,groupo C,escuela secundaria,estándar,ninguno,70,74,71
Masculino,groupo D,algunos estudios universitarios,almuerzo gratuito/reducido,ninguno,61,47,56
Femenino,groupo C,associate's degree,almuerzo gratuito/reducido,ninguno,60,75,74
Masculino,groupo B,algún instituto,estándar,completo,64,53,57
Masculino,groupo A,associate's degree,almuerzo gratuito/reducido,completo,79,82,82
Femenino,groupo A,associate's degree,almuerzo gratuito/reducido,ninguno,65,85,76
Femenino,groupo C,associate's degree,estándar,ninguno,64,64,70
Femenino,groupo C,algunos estudios universitarios,estándar,ninguno,83,83,90
Femenino,groupo C,licenciatura,estándar,ninguno,81,88,90
Femenino,groupo B,escuela secundaria,estándar,ninguno,54,64,68
Masculino,groupo D,escuela secundaria,estándar,completo,68,64,66
Femenino,groupo C,algunos estudios universitarios,estándar,ninguno,54,48,52
Femenino,groupo D,algunos estudios universitarios,almuerzo gratuito/reducido,completo,59,78,76
Femenino,groupo B,algún instituto,estándar,ninguno,66,69,68
Masculino,groupo E,algunos estudios universitarios,estándar,ninguno,76,71,72
Femenino,groupo D,maestría,estándar,ninguno,74,79,82
Femenino,groupo B,associate's degree,estándar,completo,94,87,92
Masculino,groupo C,algunos estudios universitarios,almuerzo gratuito/reducido,ninguno,63,61,54
Femenino,groupo E,associate's degree,estándar,completo,95,89,92
Femenino,groupo D,maestría,almuerzo gratuito/reducido,ninguno,40,59,54
Femenino,groupo B,algún instituto,estándar,ninguno,82,82,80
Masculino,groupo A,escuela secundaria,estándar,ninguno,68,70,66
Masculino,groupo B,licenciatura,almuerzo gratuito/reducido,ninguno,55,59,54
Masculino,groupo C,maestría,estándar,ninguno,79,78,77
Femenino,groupo C,licenciatura,estándar,ninguno,86,92,87
Masculino,groupo D,algunos estudios universitarios,estándar,ninguno,76,71,73
Masculino,groupo A,algún instituto,estándar,ninguno,64,50,43
Masculino,groupo D,algún instituto,almuerzo gratuito/reducido,ninguno,62,49,52
Femenino,groupo B,algún instituto,estándar,completo,54,61,62
Femenino,groupo B,maestría,almuerzo gratuito/reducido,completo,77,97,94
Femenino,groupo C,algún instituto,estándar,completo,76,87,85
Femenino,groupo D,algunos estudios universitarios,estándar,ninguno,74,89,84
Femenino,groupo E,algunos estudios universitarios,estándar,completo,66,74,73
Femenino,groupo D,algún instituto,estándar,completo,66,78,78
Femenino,groupo B,escuela secundaria,almuerzo gratuito/reducido,completo,67,78,79
Masculino,groupo D,algunos estudios universitarios,estándar,ninguno,71,49,52
Femenino,groupo C,associate's degree,estándar,ninguno,91,86,84
Masculino,groupo D,licenciatura,estándar,ninguno,69,58,57
Masculino,groupo C,maestría,almuerzo gratuito/reducido,ninguno,54,59,50
Masculino,groupo C,escuela secundaria,estándar,completo,53,52,49
Masculino,groupo E,algunos estudios universitarios,estándar,ninguno,68,60,59
Masculino,groupo C,algún instituto,almuerzo gratuito/reducido,completo,56,61,60
Femenino,groupo C,escuela secundaria,almuerzo gratuito/reducido,ninguno,36,53,43
Femenino,groupo D,licenciatura,almuerzo gratuito/reducido,ninguno,29,41,47
Femenino,groupo C,associate's degree,estándar,ninguno,62,74,70
Femenino,groupo C,associate's degree,estándar,completo,68,67,73
Femenino,groupo C,algún instituto,estándar,ninguno,47,54,53
Masculino,groupo E,associate's degree,estándar,completo,62,61,58
Femenino,groupo E,associate's degree,estándar,completo,79,88,94
Masculino,groupo B,escuela secundaria,estándar,completo,73,69,68
Femenino,groupo C,licenciatura,almuerzo gratuito/reducido,completo,66,83,83
Masculino,groupo C,associate's degree,estándar,completo,51,60,58
Femenino,groupo D,escuela secundaria,estándar,ninguno,51,66,62
Masculino,groupo E,licenciatura,estándar,completo,85,66,71
Masculino,groupo A,associate's degree,estándar,completo,97,92,86
Masculino,groupo C,escuela secundaria,estándar,completo,75,69,68
Masculino,groupo D,associate's degree,almuerzo gratuito/reducido,completo,79,82,80
Femenino,groupo C,associate's degree,estándar,ninguno,81,77,79
Femenino,groupo D,associate's degree,estándar,ninguno,82,95,89
Femenino,groupo D,maestría,estándar,ninguno,64,63,66
Masculino,groupo E,algún instituto,almuerzo gratuito/reducido,completo,78,83,80
Femenino,groupo A,algún instituto,estándar,completo,92,100,97
Masculino,groupo C,escuela secundaria,estándar,completo,72,67,64
Femenino,groupo C,escuela secundaria,almuerzo gratuito/reducido,ninguno,62,67,64
Masculino,groupo C,maestría,estándar,ninguno,79,72,69
Masculino,groupo C,algún instituto,almuerzo gratuito/reducido,ninguno,79,76,65
Masculino,groupo B,licenciatura,almuerzo gratuito/reducido,completo,87,90,88
Femenino,groupo B,associate's degree,estándar,ninguno,40,48,50
Masculino,groupo D,algunos estudios universitarios,almuerzo gratuito/reducido,ninguno,77,62,64
Masculino,groupo E,associate's degree,estándar,ninguno,53,45,40
Femenino,groupo C,algunos estudios universitarios,almuerzo gratuito/reducido,ninguno,32,39,33
Femenino,groupo C,associate's degree,estándar,completo,55,72,79
Masculino,groupo C,maestría,almuerzo gratuito/reducido,ninguno,61,67,66
Femenino,groupo B,associate's degree,almuerzo gratuito/reducido,ninguno,53,70,70
Masculino,groupo D,algún instituto,estándar,ninguno,73,66,62
Femenino,groupo D,algunos estudios universitarios,estándar,completo,74,75,79
Femenino,groupo C,algunos estudios universitarios,estándar,ninguno,63,74,74
Masculino,groupo C,licenciatura,estándar,completo,96,90,92
Femenino,groupo D,algunos estudios universitarios,almuerzo gratuito/reducido,completo,63,80,80
Masculino,groupo B,licenciatura,almuerzo gratuito/reducido,ninguno,48,51,46
Masculino,groupo B,associate's degree,estándar,ninguno,48,43,45
Femenino,groupo E,licenciatura,almuerzo gratuito/reducido,completo,92,100,100
Femenino,groupo D,maestría,almuerzo gratuito/reducido,completo,61,71,78
Masculino,groupo B,escuela secundaria,almuerzo gratuito/reducido,ninguno,63,48,47
Masculino,groupo D,licenciatura,almuerzo gratuito/reducido,ninguno,68,68,67
Masculino,groupo B,algunos estudios universitarios,estándar,completo,71,75,70
Masculino,groupo A,licenciatura,estándar,ninguno,91,96,92
Femenino,groupo C,algunos estudios universitarios,estándar,ninguno,53,62,56
Femenino,groupo C,escuela secundaria,almuerzo gratuito/reducido,completo,50,66,64
Femenino,groupo E,escuela secundaria,estándar,ninguno,74,81,71
Masculino,groupo A,associate's degree,almuerzo gratuito/reducido,completo,40,55,53
Masculino,groupo A,algunos estudios universitarios,estándar,completo,61,51,52
Femenino,groupo B,escuela secundaria,estándar,ninguno,81,91,89
Femenino,groupo B,algunos estudios universitarios,almuerzo gratuito/reducido,completo,48,56,58
Femenino,groupo D,maestría,estándar,ninguno,53,61,68
Femenino,groupo D,algún instituto,estándar,ninguno,81,97,96
Femenino,groupo E,algún instituto,estándar,ninguno,77,79,80
Femenino,groupo D,licenciatura,almuerzo gratuito/reducido,ninguno,63,73,78
Femenino,groupo D,associate's degree,estándar,completo,73,75,80
Femenino,groupo D,algunos estudios universitarios,estándar,ninguno,69,77,77
Femenino,groupo C,associate's degree,estándar,ninguno,65,76,76
Femenino,groupo A,escuela secundaria,estándar,ninguno,55,73,73
Femenino,groupo C,licenciatura,almuerzo gratuito/reducido,ninguno,44,63,62
Femenino,groupo C,algunos estudios universitarios,estándar,ninguno,54,64,65
Femenino,groupo A,algún instituto,estándar,ninguno,48,66,65
Masculino,groupo C,algunos estudios universitarios,almuerzo gratuito/reducido,ninguno,58,57,54
Masculino,groupo A,algún instituto,estándar,ninguno,71,62,50
Masculino,groupo E,licenciatura,estándar,ninguno,68,68,64
Femenino,groupo E,escuela secundaria,estándar,ninguno,74,76,73
Femenino,groupo C,licenciatura,estándar,completo,92,100,99
Femenino,groupo C,licenciatura,estándar,completo,56,79,72
Masculino,groupo B,escuela secundaria,almuerzo gratuito/reducido,ninguno,30,24,15
Masculino,groupo A,algún instituto,estándar,ninguno,53,54,48
Femenino,groupo D,escuela secundaria,estándar,ninguno,69,77,73
Femenino,groupo D,algún instituto,estándar,ninguno,65,82,81
Femenino,groupo D,maestría,estándar,ninguno,54,60,63
Femenino,groupo C,escuela secundaria,estándar,ninguno,29,29,30
Femenino,groupo E,algunos estudios universitarios,estándar,ninguno,76,78,80
Masculino,groupo D,escuela secundaria,almuerzo gratuito/reducido,ninguno,60,57,51
Masculino,groupo D,maestría,almuerzo gratuito/reducido,completo,84,89,90
Masculino,groupo C,algún instituto,estándar,ninguno,75,72,62
Femenino,groupo C,associate's degree,estándar,ninguno,85,84,82
Femenino,groupo C,maestría,almuerzo gratuito/reducido,ninguno,40,58,54
Femenino,groupo E,algunos estudios universitarios,estándar,ninguno,61,64,62
Femenino,groupo B,associate's degree,estándar,ninguno,58,63,65
Masculino,groupo D,algunos estudios universitarios,almuerzo gratuito/reducido,completo,69,60,63
Femenino,groupo C,algunos estudios universitarios,estándar,ninguno,58,59,66
Masculino,groupo C,licenciatura,estándar,completo,94,90,91
Femenino,groupo C,associate's degree,estándar,ninguno,65,77,74
Femenino,groupo A,associate's degree,estándar,ninguno,82,93,93
Femenino,groupo C,escuela secundaria,estándar,ninguno,60,68,72
Femenino,groupo E,licenciatura,estándar,ninguno,37,45,38
Masculino,groupo D,licenciatura,estándar,ninguno,88,78,83
Masculino,groupo D,maestría,estándar,ninguno,95,81,84
Masculino,groupo C,associate's degree,almuerzo gratuito/reducido,completo,65,73,68
Femenino,groupo C,escuela secundaria,almuerzo gratuito/reducido,ninguno,35,61,54
Masculino,groupo B,licenciatura,almuerzo gratuito/reducido,ninguno,62,63,56
Masculino,groupo C,escuela secundaria,almuerzo gratuito/reducido,completo,58,51,52
Masculino,groupo A,algunos estudios universitarios,estándar,completo,100,96,86
Femenino,groupo E,licenciatura,almuerzo gratuito/reducido,ninguno,61,58,62
Masculino,groupo D,algunos estudios universitarios,estándar,completo,100,97,99
Masculino,groupo B,associate's degree,almuerzo gratuito/reducido,completo,69,70,63
Masculino,groupo D,associate's degree,estándar,ninguno,61,48,46
Masculino,groupo D,algunos estudios universitarios,almuerzo gratuito/reducido,ninguno,49,57,46
Femenino,groupo C,algún instituto,estándar,completo,44,51,55
Masculino,groupo D,algunos estudios universitarios,estándar,ninguno,67,64,70
Masculino,groupo B,escuela secundaria,estándar,ninguno,79,60,65
Femenino,groupo B,licenciatura,estándar,completo,66,74,81
Femenino,groupo C,escuela secundaria,estándar,ninguno,75,88,85
Masculino,groupo D,algún instituto,estándar,ninguno,84,84,80
Masculino,groupo A,escuela secundaria,estándar,ninguno,71,74,64
Femenino,groupo B,escuela secundaria,almuerzo gratuito/reducido,completo,67,80,81
Femenino,groupo D,algún instituto,estándar,completo,80,92,88
Masculino,groupo E,algunos estudios universitarios,estándar,ninguno,86,76,74
Femenino,groupo D,associate's degree,estándar,ninguno,76,74,73
Masculino,groupo D,escuela secundaria,estándar,ninguno,41,52,51
Femenino,groupo D,associate's degree,almuerzo gratuito/reducido,completo,74,88,90
Femenino,groupo B,algún instituto,almuerzo gratuito/reducido,ninguno,72,81,79
Femenino,groupo E,escuela secundaria,estándar,completo,74,79,80
Masculino,groupo B,escuela secundaria,estándar,ninguno,70,65,60
Femenino,groupo B,licenciatura,estándar,completo,65,81,81
Femenino,groupo D,associate's degree,estándar,ninguno,59,70,65
Femenino,groupo E,escuela secundaria,almuerzo gratuito/reducido,ninguno,64,62,68
Femenino,groupo B,escuela secundaria,estándar,ninguno,50,53,55
Femenino,groupo D,algunos estudios universitarios,estándar,completo,69,79,81
Masculino,groupo C,algún instituto,almuerzo gratuito/reducido,completo,51,56,53
Femenino,groupo A,escuela secundaria,estándar,completo,68,80,76
Femenino,groupo D,algunos estudios universitarios,estándar,completo,85,86,98
Femenino,groupo A,associate's degree,estándar,completo,65,70,74
Femenino,groupo B,algún instituto,estándar,ninguno,73,79,79
Femenino,groupo B,algunos estudios universitarios,estándar,ninguno,62,67,67
Masculino,groupo C,associate's degree,almuerzo gratuito/reducido,ninguno,77,67,64
Masculino,groupo D,algún instituto,estándar,ninguno,69,66,61
Femenino,groupo D,associate's degree,almuerzo gratuito/reducido,ninguno,43,60,58
Masculino,groupo D,associate's degree,estándar,ninguno,90,87,85
Masculino,groupo C,algunos estudios universitarios,almuerzo gratuito/reducido,ninguno,74,77,73
Masculino,groupo C,algún instituto,estándar,ninguno,73,66,63
Femenino,groupo D,algunos estudios universitarios,almuerzo gratuito/reducido,ninguno,55,71,69
Femenino,groupo C,escuela secundaria,estándar,ninguno,65,69,67
Masculino,groupo D,associate's degree,estándar,ninguno,80,63,63
Femenino,groupo C,algún instituto,almuerzo gratuito/reducido,completo,50,60,60
Femenino,groupo C,algunos estudios universitarios,almuerzo gratuito/reducido,completo,63,73,71
Femenino,groupo B,licenciatura,almuerzo gratuito/reducido,ninguno,77,85,87
Masculino,groupo C,algunos estudios universitarios,estándar,ninguno,73,74,61
Masculino,groupo D,associate's degree,estándar,completo,81,72,77
Femenino,groupo C,escuela secundaria,almuerzo gratuito/reducido,ninguno,66,76,68
Masculino,groupo D,associate's degree,almuerzo gratuito/reducido,ninguno,52,57,50
Femenino,groupo C,algunos estudios universitarios,estándar,ninguno,69,78,76
Femenino,groupo C,associate's degree,estándar,completo,65,84,84
Femenino,groupo D,escuela secundaria,estándar,completo,69,77,78
Femenino,groupo B,algunos estudios universitarios,estándar,completo,50,64,66
Femenino,groupo E,algunos estudios universitarios,estándar,completo,73,78,76
Femenino,groupo C,algún instituto,estándar,completo,70,82,76
Masculino,groupo D,associate's degree,almuerzo gratuito/reducido,ninguno,81,75,78
Masculino,groupo D,algunos estudios universitarios,almuerzo gratuito/reducido,ninguno,63,61,60
Femenino,groupo D,escuela secundaria,estándar,ninguno,67,72,74
Masculino,groupo B,escuela secundaria,estándar,ninguno,60,68,60
Masculino,groupo B,escuela secundaria,estándar,ninguno,62,55,54
Femenino,groupo C,algún instituto,almuerzo gratuito/reducido,completo,29,40,44
Masculino,groupo B,algunos estudios universitarios,estándar,completo,62,66,68
Femenino,groupo E,maestría,estándar,completo,94,99,100
Masculino,groupo E,algunos estudios universitarios,estándar,completo,85,75,68
Masculino,groupo D,associate's degree,almuerzo gratuito/reducido,ninguno,77,78,73
Masculino,groupo A,escuela secundaria,almuerzo gratuito/reducido,ninguno,53,58,44
Masculino,groupo E,algunos estudios universitarios,almuerzo gratuito/reducido,ninguno,93,90,83
Femenino,groupo C,associate's degree,estándar,ninguno,49,53,53
Femenino,groupo E,associate's degree,almuerzo gratuito/reducido,ninguno,73,76,78
Femenino,groupo C,licenciatura,almuerzo gratuito/reducido,completo,66,74,81
Femenino,groupo D,associate's degree,estándar,ninguno,77,77,73
Femenino,groupo C,algún instituto,estándar,ninguno,49,63,56
Femenino,groupo D,algunos estudios universitarios,almuerzo gratuito/reducido,ninguno,79,89,86
Femenino,groupo C,associate's degree,estándar,completo,75,82,90
Femenino,groupo A,licenciatura,estándar,ninguno,59,72,70
Femenino,groupo D,associate's degree,estándar,completo,57,78,79
Masculino,groupo C,escuela secundaria,almuerzo gratuito/reducido,ninguno,66,66,59
Femenino,groupo E,licenciatura,estándar,completo,79,81,82
Femenino,groupo B,algún instituto,estándar,ninguno,57,67,72
Masculino,groupo A,licenciatura,estándar,completo,87,84,87
Femenino,groupo D,algunos estudios universitarios,estándar,ninguno,63,64,67
Femenino,groupo B,algún instituto,almuerzo gratuito/reducido,completo,59,63,64
Masculino,groupo A,licenciatura,almuerzo gratuito/reducido,ninguno,62,72,65
Masculino,groupo D,escuela secundaria,estándar,ninguno,46,34,36
Masculino,groupo C,algunos estudios universitarios,estándar,ninguno,66,59,52
Masculino,groupo D,escuela secundaria,estándar,ninguno,89,87,79
Femenino,groupo D,associate's degree,almuerzo gratuito/reducido,completo,42,61,58
Masculino,groupo C,algunos estudios universitarios,estándar,completo,93,84,90
Femenino,groupo E,algún instituto,estándar,completo,80,85,85
Femenino,groupo D,algunos estudios universitarios,estándar,ninguno,98,100,99
Masculino,groupo D,maestría,estándar,ninguno,81,81,84
Femenino,groupo B,algún instituto,estándar,completo,60,70,74
Femenino,groupo B,associate's degree,almuerzo gratuito/reducido,completo,76,94,87
Masculino,groupo C,associate's degree,estándar,completo,73,78,72
Femenino,groupo C,associate's degree,estándar,completo,96,96,99
Femenino,groupo C,escuela secundaria,estándar,ninguno,76,76,74
Masculino,groupo E,associate's degree,almuerzo gratuito/reducido,completo,91,73,80
Femenino,groupo C,algunos estudios universitarios,almuerzo gratuito/reducido,ninguno,62,72,70
Masculino,groupo D,algún instituto,almuerzo gratuito/reducido,completo,55,59,59
Femenino,groupo B,algún instituto,almuerzo gratuito/reducido,completo,74,90,88
Masculino,groupo C,escuela secundaria,estándar,ninguno,50,48,42
Masculino,groupo B,algunos estudios universitarios,estándar,ninguno,47,43,41
Masculino,groupo E,algunos estudios universitarios,estándar,completo,81,74,71
Femenino,groupo E,associate's degree,estándar,completo,65,75,77
Masculino,groupo E,algún instituto,estándar,completo,68,51,57
Femenino,groupo D,escuela secundaria,almuerzo gratuito/reducido,ninguno,73,92,84
Masculino,groupo C,algunos estudios universitarios,estándar,ninguno,53,39,37
Femenino,groupo B,associate's degree,almuerzo gratuito/reducido,completo,68,77,80
Masculino,groupo A,algún instituto,almuerzo gratuito/reducido,ninguno,55,46,43
Femenino,groupo C,algunos estudios universitarios,estándar,completo,87,89,94
Masculino,groupo D,algún instituto,estándar,ninguno,55,47,44
Femenino,groupo E,algunos estudios universitarios,almuerzo gratuito/reducido,ninguno,53,58,57
Masculino,groupo C,maestría,estándar,ninguno,67,57,59
Masculino,groupo C,associate's degree,estándar,ninguno,92,79,84
Femenino,groupo B,algunos estudios universitarios,almuerzo gratuito/reducido,completo,53,66,73
Masculino,groupo D,associate's degree,estándar,ninguno,81,71,73
Masculino,groupo C,escuela secundaria,almuerzo gratuito/reducido,ninguno,61,60,55
Masculino,groupo D,licenciatura,estándar,ninguno,80,73,72
Femenino,groupo A,associate's degree,almuerzo gratuito/reducido,ninguno,37,57,56
Femenino,groupo C,escuela secundaria,estándar,ninguno,81,84,82
Femenino,groupo C,associate's degree,estándar,completo,59,73,72
Masculino,groupo B,algunos estudios universitarios,almuerzo gratuito/reducido,ninguno,55,55,47
Masculino,groupo D,associate's degree,estándar,ninguno,72,79,74
Masculino,groupo D,escuela secundaria,estándar,ninguno,69,75,71
Masculino,groupo C,algunos estudios universitarios,estándar,ninguno,69,64,68
Femenino,groupo C,licenciatura,almuerzo gratuito/reducido,ninguno,50,60,59
Masculino,groupo B,algunos estudios universitarios,estándar,completo,87,84,86
Masculino,groupo D,algún instituto,estándar,completo,71,69,68
Masculino,groupo E,algunos estudios universitarios,estándar,ninguno,68,72,65
Masculino,groupo C,maestría,almuerzo gratuito/reducido,completo,79,77,75
Femenino,groupo C,algún instituto,estándar,completo,77,90,85
Masculino,groupo C,associate's degree,almuerzo gratuito/reducido,ninguno,58,55,53
Femenino,groupo E,associate's degree,estándar,ninguno,84,95,92
Masculino,groupo D,algunos estudios universitarios,estándar,ninguno,55,58,52
Masculino,groupo E,licenciatura,almuerzo gratuito/reducido,completo,70,68,72
Femenino,groupo D,algunos estudios universitarios,almuerzo gratuito/reducido,completo,52,59,65
Masculino,groupo B,algunos estudios universitarios,estándar,completo,69,77,77
Femenino,groupo C,escuela secundaria,almuerzo gratuito/reducido,ninguno,53,72,64
Femenino,groupo D,algún instituto,estándar,ninguno,48,58,54
Masculino,groupo D,algún instituto,estándar,completo,78,81,86
Femenino,groupo B,escuela secundaria,estándar,ninguno,62,62,63
Masculino,groupo D,algunos estudios universitarios,estándar,ninguno,60,63,59
Femenino,groupo B,escuela secundaria,estándar,ninguno,74,72,72
Femenino,groupo C,escuela secundaria,estándar,completo,58,75,77
Masculino,groupo B,escuela secundaria,estándar,completo,76,62,60
Femenino,groupo D,algún instituto,estándar,ninguno,68,71,75
Masculino,groupo A,algunos estudios universitarios,almuerzo gratuito/reducido,ninguno,58,60,57
Masculino,groupo B,escuela secundaria,estándar,ninguno,52,48,49
Masculino,groupo D,licenciatura,estándar,ninguno,75,73,74
Femenino,groupo B,algún instituto,almuerzo gratuito/reducido,completo,52,67,72
Femenino,groupo C,licenciatura,almuerzo gratuito/reducido,ninguno,62,78,79
Masculino,groupo B,algunos estudios universitarios,estándar,ninguno,66,65,60
Femenino,groupo B,algún instituto,almuerzo gratuito/reducido,ninguno,49,58,55
Femenino,groupo B,escuela secundaria,estándar,ninguno,66,72,70
Femenino,groupo C,algunos estudios universitarios,almuerzo gratuito/reducido,ninguno,35,44,43
Femenino,groupo A,algunos estudios universitarios,estándar,completo,72,79,82
Masculino,groupo E,associate's degree,estándar,completo,94,85,82
Femenino,groupo D,associate's degree,almuerzo gratuito/reducido,ninguno,46,56,57
Femenino,groupo B,maestría,estándar,ninguno,77,90,84
Femenino,groupo B,escuela secundaria,almuerzo gratuito/reducido,completo,76,85,82
Femenino,groupo C,associate's degree,estándar,completo,52,59,62
Masculino,groupo C,licenciatura,estándar,completo,91,81,79
Femenino,groupo B,algún instituto,estándar,completo,32,51,44
Femenino,groupo E,algún instituto,almuerzo gratuito/reducido,ninguno,72,79,77
Femenino,groupo B,algunos estudios universitarios,estándar,ninguno,19,38,32
Masculino,groupo C,associate's degree,almuerzo gratuito/reducido,ninguno,68,65,61
Femenino,groupo C,maestría,almuerzo gratuito/reducido,ninguno,52,65,61
Femenino,groupo B,escuela secundaria,estándar,ninguno,48,62,60
Femenino,groupo D,algunos estudios universitarios,almuerzo gratuito/reducido,ninguno,60,66,70
Masculino,groupo D,escuela secundaria,almuerzo gratuito/reducido,ninguno,66,74,69
Masculino,groupo E,algún instituto,estándar,completo,89,84,77
Femenino,groupo B,escuela secundaria,estándar,ninguno,42,52,51
Femenino,groupo E,associate's degree,almuerzo gratuito/reducido,completo,57,68,73
Masculino,groupo D,escuela secundaria,estándar,ninguno,70,70,70
Femenino,groupo E,associate's degree,almuerzo gratuito/reducido,ninguno,70,84,81
Masculino,groupo E,algunos estudios universitarios,estándar,ninguno,69,60,54
Femenino,groupo C,associate's degree,estándar,ninguno,52,55,57
Masculino,groupo C,algún instituto,estándar,completo,67,73,68
Masculino,groupo C,algún instituto,estándar,completo,76,80,73
Femenino,groupo E,associate's degree,estándar,ninguno,87,94,95
Femenino,groupo B,algunos estudios universitarios,estándar,ninguno,82,85,87
Femenino,groupo C,algunos estudios universitarios,estándar,ninguno,73,76,78
Masculino,groupo A,algunos estudios universitarios,almuerzo gratuito/reducido,ninguno,75,81,74
Femenino,groupo D,algunos estudios universitarios,almuerzo gratuito/reducido,ninguno,64,74,75
Femenino,groupo E,escuela secundaria,almuerzo gratuito/reducido,ninguno,41,45,40
Masculino,groupo C,escuela secundaria,estándar,ninguno,90,75,69
Masculino,groupo B,licenciatura,estándar,ninguno,59,54,51
Masculino,groupo A,algún instituto,estándar,ninguno,51,31,36
Masculino,groupo A,escuela secundaria,almuerzo gratuito/reducido,ninguno,45,47,49
Femenino,groupo C,maestría,estándar,completo,54,64,67
Masculino,groupo E,algún instituto,estándar,completo,87,84,76
Femenino,groupo C,escuela secundaria,estándar,ninguno,72,80,83
Masculino,groupo B,algún instituto,estándar,completo,94,86,87
Femenino,groupo A,licenciatura,estándar,ninguno,45,59,64
Masculino,groupo D,licenciatura,almuerzo gratuito/reducido,completo,61,70,76
Femenino,groupo B,escuela secundaria,almuerzo gratuito/reducido,ninguno,60,72,68
Femenino,groupo C,algún instituto,estándar,ninguno,77,91,88
Femenino,groupo A,algún instituto,estándar,completo,85,90,92
Femenino,groupo D,licenciatura,almuerzo gratuito/reducido,ninguno,78,90,93
Masculino,groupo E,algunos estudios universitarios,almuerzo gratuito/reducido,completo,49,52,51
Femenino,groupo B,escuela secundaria,almuerzo gratuito/reducido,ninguno,71,87,82
Femenino,groupo C,algún instituto,almuerzo gratuito/reducido,ninguno,48,58,52
Masculino,groupo C,escuela secundaria,estándar,ninguno,62,67,58
Femenino,groupo C,associate's degree,almuerzo gratuito/reducido,completo,56,68,70
Femenino,groupo C,algún instituto,estándar,ninguno,65,69,76
Femenino,groupo D,algún instituto,almuerzo gratuito/reducido,completo,69,86,81
Masculino,groupo B,algún instituto,estándar,ninguno,68,54,53
Femenino,groupo A,algunos estudios universitarios,almuerzo gratuito/reducido,ninguno,61,60,57
Femenino,groupo C,licenciatura,almuerzo gratuito/reducido,completo,74,86,89
Masculino,groupo A,licenciatura,estándar,ninguno,64,60,58
Femenino,groupo B,escuela secundaria,estándar,completo,77,82,89
Masculino,groupo B,algunos estudios universitarios,estándar,ninguno,58,50,45
Femenino,groupo C,escuela secundaria,estándar,completo,60,64,74
Masculino,groupo E,escuela secundaria,estándar,ninguno,73,64,57
Femenino,groupo A,escuela secundaria,estándar,completo,75,82,79
Masculino,groupo B,associate's degree,almuerzo gratuito/reducido,completo,58,57,53
Femenino,groupo C,associate's degree,estándar,ninguno,66,77,73
Femenino,groupo D,escuela secundaria,almuerzo gratuito/reducido,ninguno,39,52,46
Masculino,groupo C,algún instituto,estándar,ninguno,64,58,51
Femenino,groupo B,escuela secundaria,almuerzo gratuito/reducido,completo,23,44,36
Masculino,groupo B,algunos estudios universitarios,almuerzo gratuito/reducido,completo,74,77,76
Femenino,groupo D,algún instituto,almuerzo gratuito/reducido,completo,40,65,64
Masculino,groupo E,maestría,estándar,ninguno,90,85,84
Masculino,groupo C,maestría,estándar,completo,91,85,85
Masculino,groupo D,escuela secundaria,estándar,ninguno,64,54,50
Femenino,groupo C,escuela secundaria,estándar,ninguno,59,72,68
Masculino,groupo D,associate's degree,estándar,ninguno,80,75,69
Masculino,groupo C,maestría,estándar,ninguno,71,67,67
Femenino,groupo A,escuela secundaria,estándar,ninguno,61,68,63
Femenino,groupo E,algunos estudios universitarios,estándar,ninguno,87,85,93
Masculino,groupo E,algún instituto,estándar,ninguno,82,67,61
Masculino,groupo C,algún instituto,estándar,ninguno,62,64,55
Femenino,groupo B,licenciatura,estándar,ninguno,97,97,96
Masculino,groupo B,algunos estudios universitarios,almuerzo gratuito/reducido,ninguno,75,68,65
Femenino,groupo C,licenciatura,estándar,ninguno,65,79,81
Masculino,groupo B,escuela secundaria,estándar,completo,52,49,46
Masculino,groupo C,associate's degree,almuerzo gratuito/reducido,ninguno,87,73,72
Femenino,groupo C,associate's degree,estándar,ninguno,53,62,53
Femenino,groupo E,maestría,almuerzo gratuito/reducido,ninguno,81,86,87
Masculino,groupo D,licenciatura,almuerzo gratuito/reducido,completo,39,42,38
Femenino,groupo C,algunos estudios universitarios,estándar,completo,71,71,80
Masculino,groupo C,associate's degree,estándar,ninguno,97,93,91
Masculino,groupo D,algunos estudios universitarios,estándar,completo,82,82,88
Masculino,groupo C,escuela secundaria,almuerzo gratuito/reducido,ninguno,59,53,52
Masculino,groupo B,associate's degree,estándar,ninguno,61,42,41
Masculino,groupo E,associate's degree,almuerzo gratuito/reducido,completo,78,74,72
Masculino,groupo C,associate's degree,almuerzo gratuito/reducido,ninguno,49,51,51
Masculino,groupo B,escuela secundaria,estándar,ninguno,59,58,47
Femenino,groupo C,algunos estudios universitarios,estándar,completo,70,72,76
Masculino,groupo B,associate's degree,estándar,completo,82,84,78
Masculino,groupo E,associate's degree,almuerzo gratuito/reducido,ninguno,90,90,82
Femenino,groupo C,licenciatura,almuerzo gratuito/reducido,ninguno,43,62,61
Masculino,groupo C,algunos estudios universitarios,almuerzo gratuito/reducido,ninguno,80,64,66
Masculino,groupo D,algunos estudios universitarios,estándar,ninguno,81,82,84
Masculino,groupo C,algún instituto,estándar,ninguno,57,61,54
Femenino,groupo D,algún instituto,estándar,ninguno,59,72,80
Femenino,groupo D,associate's degree,estándar,ninguno,64,76,74
Masculino,groupo C,licenciatura,estándar,completo,63,64,66
Femenino,groupo E,licenciatura,estándar,completo,71,70,70
Femenino,groupo B,escuela secundaria,almuerzo gratuito/reducido,ninguno,64,73,71
Masculino,groupo D,licenciatura,almuerzo gratuito/reducido,ninguno,55,46,44
Femenino,groupo E,associate's degree,estándar,ninguno,51,51,54
Femenino,groupo C,associate's degree,estándar,completo,62,76,80
Femenino,groupo E,associate's degree,estándar,completo,93,100,95
Masculino,groupo C,escuela secundaria,almuerzo gratuito/reducido,ninguno,54,72,59
Femenino,groupo D,algunos estudios universitarios,almuerzo gratuito/reducido,ninguno,69,65,74
Masculino,groupo D,escuela secundaria,almuerzo gratuito/reducido,ninguno,44,51,48
Femenino,groupo E,algunos estudios universitarios,estándar,completo,86,85,91
Femenino,groupo E,associate's degree,estándar,ninguno,85,92,85
Femenino,groupo A,maestría,almuerzo gratuito/reducido,ninguno,50,67,73
Masculino,groupo D,algún instituto,estándar,completo,88,74,75
Femenino,groupo E,associate's degree,estándar,ninguno,59,62,69
Femenino,groupo E,algún instituto,almuerzo gratuito/reducido,ninguno,32,34,38
Masculino,groupo B,escuela secundaria,almuerzo gratuito/reducido,ninguno,36,29,27
Femenino,groupo B,algún instituto,almuerzo gratuito/reducido,completo,63,78,79
Masculino,groupo D,associate's degree,estándar,completo,67,54,63
Femenino,groupo D,algún instituto,estándar,completo,65,78,82
Masculino,groupo D,maestría,estándar,ninguno,85,84,89
Femenino,groupo C,maestría,estándar,ninguno,73,78,74
Femenino,groupo A,escuela secundaria,almuerzo gratuito/reducido,completo,34,48,41
Femenino,groupo D,licenciatura,almuerzo gratuito/reducido,completo,93,100,100
Femenino,groupo D,algún instituto,almuerzo gratuito/reducido,ninguno,67,84,84
Masculino,groupo D,algunos estudios universitarios,estándar,ninguno,88,77,77
Masculino,groupo B,escuela secundaria,estándar,ninguno,57,48,51
Femenino,groupo D,algunos estudios universitarios,estándar,completo,79,84,91
Femenino,groupo C,licenciatura,almuerzo gratuito/reducido,ninguno,67,75,72
Masculino,groupo E,licenciatura,estándar,completo,70,64,70
Masculino,groupo D,licenciatura,almuerzo gratuito/reducido,ninguno,50,42,48
Femenino,groupo A,algunos estudios universitarios,estándar,ninguno,69,84,82
Femenino,groupo C,licenciatura,estándar,completo,52,61,66
Femenino,groupo C,licenciatura,almuerzo gratuito/reducido,completo,47,62,66
Femenino,groupo B,associate's degree,almuerzo gratuito/reducido,ninguno,46,61,55
Femenino,groupo E,algunos estudios universitarios,estándar,ninguno,68,70,66
Masculino,groupo E,licenciatura,estándar,completo,100,100,100
Femenino,groupo C,escuela secundaria,estándar,ninguno,44,61,52
Femenino,groupo C,associate's degree,estándar,completo,57,77,80
Masculino,groupo B,algunos estudios universitarios,estándar,completo,91,96,91
Masculino,groupo D,escuela secundaria,almuerzo gratuito/reducido,ninguno,69,70,67
Femenino,groupo C,escuela secundaria,almuerzo gratuito/reducido,ninguno,35,53,46
Masculino,groupo D,escuela secundaria,estándar,ninguno,72,66,66
Femenino,groupo B,associate's degree,almuerzo gratuito/reducido,ninguno,54,65,65
Masculino,groupo D,escuela secundaria,almuerzo gratuito/reducido,ninguno,74,70,69
Masculino,groupo E,algún instituto,estándar,completo,74,64,60
Masculino,groupo E,associate's degree,almuerzo gratuito/reducido,ninguno,64,56,52
Femenino,groupo D,escuela secundaria,almuerzo gratuito/reducido,completo,65,61,71
Masculino,groupo E,associate's degree,almuerzo gratuito/reducido,completo,46,43,44
Femenino,groupo C,algún instituto,almuerzo gratuito/reducido,ninguno,48,56,51
Masculino,groupo C,algunos estudios universitarios,almuerzo gratuito/reducido,completo,67,74,70
Masculino,groupo D,algunos estudios universitarios,almuerzo gratuito/reducido,ninguno,62,57,62
Masculino,groupo D,associate's degree,almuerzo gratuito/reducido,completo,61,71,73
Masculino,groupo C,licenciatura,almuerzo gratuito/reducido,completo,70,75,74
Masculino,groupo C,associate's degree,estándar,completo,98,87,90
Masculino,groupo D,algunos estudios universitarios,almuerzo gratuito/reducido,ninguno,70,63,58
Masculino,groupo A,associate's degree,estándar,ninguno,67,57,53
Femenino,groupo E,escuela secundaria,almuerzo gratuito/reducido,ninguno,57,58,57
Masculino,groupo D,algunos estudios universitarios,estándar,completo,85,81,85
Masculino,groupo D,algún instituto,estándar,completo,77,68,69
Masculino,groupo C,maestría,almuerzo gratuito/reducido,completo,72,66,72
Femenino,groupo D,maestría,estándar,ninguno,78,91,96
Masculino,groupo C,escuela secundaria,estándar,ninguno,81,66,64
Masculino,groupo A,algún instituto,almuerzo gratuito/reducido,completo,61,62,61
Femenino,groupo B,escuela secundaria,estándar,ninguno,58,68,61
Femenino,groupo C,associate's degree,estándar,ninguno,54,61,58
Masculino,groupo B,escuela secundaria,estándar,ninguno,82,82,80
Femenino,groupo D,algunos estudios universitarios,almuerzo gratuito/reducido,ninguno,49,58,60
Masculino,groupo B,algún instituto,almuerzo gratuito/reducido,completo,49,50,52
Femenino,groupo E,escuela secundaria,almuerzo gratuito/reducido,completo,57,75,73
Masculino,groupo E,escuela secundaria,estándar,ninguno,94,73,71
Femenino,groupo D,algunos estudios universitarios,estándar,completo,75,77,83
Femenino,groupo E,algún instituto,almuerzo gratuito/reducido,ninguno,74,74,72
Masculino,groupo C,escuela secundaria,estándar,completo,58,52,54
Femenino,groupo C,algunos estudios universitarios,estándar,ninguno,62,69,69
Masculino,groupo E,associate's degree,estándar,ninguno,72,57,62
Masculino,groupo C,algunos estudios universitarios,estándar,ninguno,84,87,81
Femenino,groupo D,maestría,estándar,ninguno,92,100,100
Femenino,groupo D,escuela secundaria,estándar,ninguno,45,63,59
Masculino,groupo C,escuela secundaria,estándar,ninguno,75,81,71
Femenino,groupo A,algunos estudios universitarios,estándar,ninguno,56,58,64
Femenino,groupo D,algún instituto,almuerzo gratuito/reducido,ninguno,48,54,53
Femenino,groupo E,associate's degree,estándar,ninguno,100,100,100
Femenino,groupo C,algún instituto,almuerzo gratuito/reducido,completo,65,76,75
Masculino,groupo D,algunos estudios universitarios,estándar,ninguno,72,57,58
Femenino,groupo D,algunos estudios universitarios,estándar,ninguno,62,70,72
Masculino,groupo A,algún instituto,estándar,completo,66,68,64
Masculino,groupo C,algunos estudios universitarios,estándar,ninguno,63,63,60
Femenino,groupo E,associate's degree,estándar,ninguno,68,76,67
Femenino,groupo B,licenciatura,estándar,ninguno,75,84,80
Femenino,groupo D,licenciatura,estándar,ninguno,89,100,100
Masculino,groupo C,algún instituto,estándar,completo,78,72,69
Femenino,groupo A,escuela secundaria,almuerzo gratuito/reducido,completo,53,50,60
Femenino,groupo D,algunos estudios universitarios,almuerzo gratuito/reducido,ninguno,49,65,61
Femenino,groupo A,algunos estudios universitarios,estándar,ninguno,54,63,67
Femenino,groupo C,algunos estudios universitarios,estándar,completo,64,82,77
Masculino,groupo B,algunos estudios universitarios,almuerzo gratuito/reducido,completo,60,62,60
Masculino,groupo C,associate's degree,estándar,ninguno,62,65,58
Masculino,groupo D,escuela secundaria,estándar,completo,55,41,48
Femenino,groupo C,associate's degree,estándar,ninguno,91,95,94
Femenino,groupo B,escuela secundaria,almuerzo gratuito/reducido,ninguno,8,24,23
Masculino,groupo D,algún instituto,estándar,ninguno,81,78,78
Masculino,groupo B,algún instituto,estándar,completo,79,85,86
Femenino,groupo A,algunos estudios universitarios,estándar,completo,78,87,91
Femenino,groupo C,algún instituto,estándar,ninguno,74,75,82
Masculino,groupo A,escuela secundaria,estándar,ninguno,57,51,54
Femenino,groupo C,associate's degree,estándar,ninguno,40,59,51
Masculino,groupo E,algún instituto,estándar,completo,81,75,76
Femenino,groupo A,algún instituto,almuerzo gratuito/reducido,ninguno,44,45,45
Femenino,groupo D,algunos estudios universitarios,almuerzo gratuito/reducido,completo,67,86,83
Masculino,groupo E,escuela secundaria,almuerzo gratuito/reducido,completo,86,81,75
Femenino,groupo B,algún instituto,estándar,completo,65,82,78
Femenino,groupo D,associate's degree,almuerzo gratuito/reducido,ninguno,55,76,76
Femenino,groupo D,licenciatura,almuerzo gratuito/reducido,ninguno,62,72,74
Masculino,groupo A,escuela secundaria,estándar,ninguno,63,63,62
Femenino,groupo E,maestría,estándar,completo,88,99,95
Masculino,groupo C,escuela secundaria,almuerzo gratuito/reducido,ninguno,62,55,55
Femenino,groupo C,escuela secundaria,almuerzo gratuito/reducido,completo,59,71,65
Femenino,groupo D,algunos estudios universitarios,estándar,completo,68,78,77
Femenino,groupo D,algunos estudios universitarios,almuerzo gratuito/reducido,ninguno,77,86,86